<?xml version="1.0" encoding="UTF-8"?>
<metadata xml:lang="fr"><Esri><CreaDate>20200828</CreaDate><CreaTime>10083900</CreaTime><ArcGISFormat>1.0</ArcGISFormat><SyncOnce>FALSE</SyncOnce><DataProperties><itemProps><itemName Sync="TRUE">A.AGGLO_PERIMETRE</itemName><nativeExtBox><westBL Sync="TRUE">2465789.432800</westBL><eastBL Sync="TRUE">2531325.582900</eastBL><southBL Sync="TRUE">1086777.439400</southBL><northBL Sync="TRUE">1155694.860000</northBL><exTypeCode Sync="TRUE">1</exTypeCode></nativeExtBox><itemLocation><linkage Sync="TRUE">Server=wscgeo1.unige.ch; Service=sde:postgresql:wscgeo1.unige.ch; Database=ge; User=sitg; Version=sde.DEFAULT</linkage><protocol Sync="TRUE">ArcSDE Connection</protocol></itemLocation><imsContentType Sync="TRUE">002</imsContentType></itemProps><coordRef><type Sync="TRUE">Projected</type><geogcsn Sync="TRUE">GCS_CH1903+</geogcsn><csUnits Sync="TRUE">Linear Unit: Meter (1.000000)</csUnits><projcsn Sync="TRUE">CH1903+_LV95</projcsn><peXml Sync="TRUE">&lt;ProjectedCoordinateSystem xsi:type='typens:ProjectedCoordinateSystem' xmlns:xsi='http://www.w3.org/2001/XMLSchema-instance' xmlns:xs='http://www.w3.org/2001/XMLSchema' xmlns:typens='http://www.esri.com/schemas/ArcGIS/10.1'&gt;&lt;WKT&gt;PROJCS[&amp;quot;CH1903+_LV95&amp;quot;,GEOGCS[&amp;quot;GCS_CH1903+&amp;quot;,DATUM[&amp;quot;D_CH1903+&amp;quot;,SPHEROID[&amp;quot;Bessel_1841&amp;quot;,6377397.155,299.1528128]],PRIMEM[&amp;quot;Greenwich&amp;quot;,0.0],UNIT[&amp;quot;Degree&amp;quot;,0.0174532925199433]],PROJECTION[&amp;quot;Hotine_Oblique_Mercator_Azimuth_Center&amp;quot;],PARAMETER[&amp;quot;False_Easting&amp;quot;,2600000.0],PARAMETER[&amp;quot;False_Northing&amp;quot;,1200000.0],PARAMETER[&amp;quot;Scale_Factor&amp;quot;,1.0],PARAMETER[&amp;quot;Azimuth&amp;quot;,90.0],PARAMETER[&amp;quot;Longitude_Of_Center&amp;quot;,7.439583333333333],PARAMETER[&amp;quot;Latitude_Of_Center&amp;quot;,46.95240555555556],UNIT[&amp;quot;Meter&amp;quot;,1.0],AUTHORITY[&amp;quot;EPSG&amp;quot;,2056]]&lt;/WKT&gt;&lt;XOrigin&gt;-29386400&lt;/XOrigin&gt;&lt;YOrigin&gt;-33067900&lt;/YOrigin&gt;&lt;XYScale&gt;10000&lt;/XYScale&gt;&lt;ZOrigin&gt;0&lt;/ZOrigin&gt;&lt;ZScale&gt;1&lt;/ZScale&gt;&lt;MOrigin&gt;0&lt;/MOrigin&gt;&lt;MScale&gt;1&lt;/MScale&gt;&lt;XYTolerance&gt;0.00020000000000000001&lt;/XYTolerance&gt;&lt;ZTolerance&gt;0.00020000000000000001&lt;/ZTolerance&gt;&lt;MTolerance&gt;2&lt;/MTolerance&gt;&lt;HighPrecision&gt;true&lt;/HighPrecision&gt;&lt;WKID&gt;2056&lt;/WKID&gt;&lt;LatestWKID&gt;2056&lt;/LatestWKID&gt;&lt;/ProjectedCoordinateSystem&gt;</peXml></coordRef><lineage><Process ToolSource="c:\program files (x86)\arcgis\desktop10.3\ArcToolbox\Toolboxes\Data Management Tools.tbx\TruncateTable" Date="20170526" Time="092041">TruncateTable D:\MIGRATION_SDE\Migration_PMUM_SDE_a.sde\AGGLO_PERIMETRE
</Process><Process ToolSource="c:\program files (x86)\arcgis\desktop10.3\ArcToolbox\Toolboxes\Data Management Tools.tbx\MigrateStorage" Date="20170526" Time="092045">MigrateStorage D:\MIGRATION_SDE\Migration_PMUM_SDE_a.sde\AGGLO_PERIMETRE DEFAULTS</Process><Process ToolSource="c:\program files (x86)\arcgis\desktop10.3\ArcToolbox\Toolboxes\Data Management Tools.tbx\Append" Date="20170526" Time="092050">Append d:\MIGRATION_SDE\SITG_EXPORT\EXPORT_SERVEUR_CONSULTATION.gdb\AGGLO_PERIMETRE D:\MIGRATION_SDE\Migration_PMUM_SDE_a.sde\AGGLO_PERIMETRE
 TEST # #</Process><Process ToolSource="c:\program files (x86)\arcgis\engine10.2\ArcToolbox\Toolboxes\Data Management Tools.tbx\MigrateStorage" Date="20200515" Time="085246">MigrateStorage '\\interzoneadm01\INTERZONE$\APP\GEOMATIQUE\GEOMATIQUE-EXPLOITATION\GEODATABASE\PROD\PMUM SDE a.sde\AGGLO_PERIMETRE' ST_GEOMETRY</Process><Process ToolSource="c:\program files (x86)\arcgis\desktop10.6\ArcToolbox\Toolboxes\Data Management Tools.tbx\MigrateStorage" Date="20200630" Time="111658">MigrateStorage '\\interzoneadm01\INTERZONE$\APP\GEOMATIQUE\GEOMATIQUE-EXPLOITATION\GEODATABASE\PROD\PMUM SDE a.sde\AGGLO_PERIMETRE' ST_GEOMETRY</Process><Process ToolSource="c:\program files (x86)\arcgis\engine10.2\ArcToolbox\Toolboxes\Data Management Tools.tbx\MigrateStorage" Date="20200710" Time="092847">MigrateStorage '\\interzoneadm01\INTERZONE$\APP\GEOMATIQUE\GEOMATIQUE-EXPLOITATION\GEODATABASE\PROD\PMUM SDE a.sde\AGGLO_PERIMETRE' ST_GEOMETRY</Process><Process ToolSource="c:\program files (x86)\arcgis\engine10.2\ArcToolbox\Toolboxes\Data Management Tools.tbx\MigrateStorage" Date="20200718" Time="083011">MigrateStorage '\\interzoneadm01\INTERZONE$\APP\GEOMATIQUE\GEOMATIQUE-EXPLOITATION\GEODATABASE\PROD\PMUM SDE a.sde\AGGLO_PERIMETRE' ST_GEOMETRY</Process><Process ToolSource="c:\program files (x86)\arcgis\engine10.2\ArcToolbox\Toolboxes\Data Management Tools.tbx\MigrateStorage" Date="20200718" Time="084111">MigrateStorage '\\interzoneadm01\INTERZONE$\APP\GEOMATIQUE\GEOMATIQUE-EXPLOITATION\GEODATABASE\PROD\PMUM SDE a.sde\AGGLO_PERIMETRE' ST_GEOMETRY</Process><Process ToolSource="c:\program files (x86)\arcgis\desktop10.3\ArcToolbox\Toolboxes\Data Management Tools.tbx\Copy" Date="20200809" Time="000901">Copy D:\Exploitation\9635\PYTHON\BACKUP_CONSULTATION_A.sde\A.AGGLO_PERIMETRE D:\data\9635\export\partenaires\EXPORT_SERVEUR_CONSULTATION_SCHEMA_A.gdb\AGGLO_PERIMETRE FeatureClass</Process><Process ToolSource="c:\program files\arcgis\server\ArcToolbox\Toolboxes\Data Management Tools.tbx\Copy" Date="20200816" Time="230822">Copy D:\ftp\sitg\GDB_PARTENAIRE_SITG.gdb\AGGLO_PERIMETRE D:\connections\sitg@ge@wscgeo1.unige.ch.sde\ge.sitg.AGGLO_PERIMETRE FeatureClass</Process><Process ToolSource="c:\program files\arcgis\server\ArcToolbox\Toolboxes\Data Management Tools.tbx\ChangePrivileges" Date="20200816" Time="230823">ChangePrivileges D:\connections\sitg@ge@wscgeo1.unige.ch.sde\AGGLO_PERIMETRE etu GRANT #</Process></lineage></DataProperties><SyncDate>20190529</SyncDate><SyncTime>14522800</SyncTime><ModDate>20190529</ModDate><ModTime>14522800</ModTime></Esri><mdContact><rpXTBID>61beb9aa-9f41-4c2f-8ab4-2765d23df7e1</rpXTBID><rpIndName>Pierre Lafontaine</rpIndName><rpXTIndLastName>Lafontaine</rpXTIndLastName><rpXTIndFirstName>Pierre</rpXTIndFirstName><rpOrgName>Direction de l'information du territoire</rpOrgName><rpXTPartName>DT - Département du territoire</rpXTPartName><rpCntInfo><cntPhone><voiceNum>+4122 546 72 81</voiceNum></cntPhone><cntAddress><eMailAdd>pierre.lafontaine@etat.ge.ch</eMailAdd></cntAddress><cntOnlineRes><linkage>http://www.sitg.ch</linkage></cntOnlineRes></rpCntInfo><rpRole>005</rpRole></mdContact><mdStanName>ArcGIS Metadata</mdStanName><mdStanVer>1.0</mdStanVer><distInfo><distributor><distorTran><offLineMed><medName><MedNameCd value="001" Sync="FALSE"/></medName></offLineMed></distorTran></distributor><distFormat><formatName Sync="TRUE">Classe d’entités ArcSDE</formatName></distFormat></distInfo><dataIdInfo><idCitation><citID>4628</citID><resRefDate><refDate>20160215</refDate><refDateType><DateTypCd value="001" Sync="FALSE"/></refDateType></resRefDate><citRespParty><rpXTBID>7ba28513-c3cc-49a2-a3f5-31d24aa68b57</rpXTBID><rpIndName>Bruno Beurret</rpIndName><rpXTIndLastName>Beurret</rpXTIndLastName><rpXTIndFirstName>Bruno</rpXTIndFirstName><rpOrgName>Direction de la planification cantonale</rpOrgName><rpXTPartName>DT - Département du territoire</rpXTPartName><rpCntInfo><cntPhone><voiceNum>+4122 546 73 52</voiceNum></cntPhone><cntAddress><eMailAdd>bruno.beurret@etat.ge.ch</eMailAdd></cntAddress><cntOnlineRes><linkage>http://www.ge.ch/amenagement</linkage></cntOnlineRes></rpCntInfo><rpRole>003</rpRole></citRespParty><resTitle Sync="TRUE">A.AGGLO_PERIMETRE</resTitle><presForm><PresFormCd value="005" Sync="TRUE"></PresFormCd></presForm></idCitation><dataExt><geoEle><GeoBndBox esriExtentType="native" Sync="FALSE"><westBL>2465789.432800</westBL><eastBL>2531325.582900</eastBL><northBL>1155694.860000</northBL><southBL>1089316.333000</southBL></GeoBndBox></geoEle></dataExt><geoBox esriExtentType="decdegrees" Sync="FALSE"><westBL>5.689591</westBL><northBL>46.550286</northBL><eastBL>6.553797</eastBL><southBL>45.943301</southBL></geoBox><dataChar><CharSetCd value="004" Sync="FALSE"/></dataChar><envirDesc Sync="TRUE">Microsoft Windows 7 Version 6.1 (Build 7601) Service Pack 1; Esri ArcGIS 10.2.1.3497</envirDesc><dataLang><languageCode value="fra" Sync="TRUE"></languageCode><countryCode value="CHE" Sync="TRUE"></countryCode></dataLang><spatRpType><SpatRepTypCd value="001" Sync="TRUE"></SpatRepTypCd></spatRpType><dataExt><geoEle><GeoBndBox esriExtentType="search"><exTypeCode Sync="TRUE">1</exTypeCode><westBL Sync="TRUE">5.689591</westBL><eastBL Sync="TRUE">6.554167</eastBL><northBL Sync="TRUE">46.550286</northBL><southBL Sync="TRUE">45.920466</southBL></GeoBndBox></geoEle></dataExt></dataIdInfo><eainfo><detailed Name="A.AGGLO_PERIMETRE"><enttyp><enttypl Sync="TRUE">A.AGGLO_PERIMETRE</enttypl><enttypt Sync="TRUE">Feature Class</enttypt><enttypc Sync="TRUE">10</enttypc></enttyp><attr><attrlabl Sync="TRUE">OBJECTID</attrlabl><attalias Sync="TRUE">OBJECTID</attalias><attrtype Sync="TRUE">OID</attrtype><attwidth Sync="TRUE">4</attwidth><atprecis Sync="TRUE">10</atprecis><attscale Sync="TRUE">0</attscale><attrdef Sync="TRUE">Internal feature number.</attrdef><attrdefs Sync="TRUE">Esri</attrdefs><attrdomv><udom Sync="TRUE">Sequential unique whole numbers that are automatically generated.</udom></attrdomv><atXTdesc>Champ automatique avec l'identifiant de la base de chaque objet (Attention, ne pas l'utiliser comme identifiant unique permanent)</atXTdesc></attr><attr><attrlabl Sync="TRUE">PROJET_AGGLO</attrlabl><attalias Sync="TRUE">PROJET_AGGLO</attalias><attrtype Sync="TRUE">String</attrtype><attwidth Sync="TRUE">10</attwidth><atprecis Sync="TRUE">0</atprecis><attscale Sync="TRUE">0</attscale><atXTdesc>Projet d'agglomération</atXTdesc></attr><attr><attrlabl Sync="TRUE">DATE_MAJ</attrlabl><attalias Sync="TRUE">DATE_MAJ</attalias><attrtype Sync="TRUE">Date</attrtype><attwidth Sync="TRUE">36</attwidth><atprecis Sync="TRUE">0</atprecis><attscale Sync="TRUE">0</attscale><atXTdesc>Date de mise à jour</atXTdesc></attr><attr><attrlabl Sync="TRUE">SURFACE</attrlabl><attalias Sync="TRUE">SURFACE</attalias><attrtype Sync="TRUE">Double</attrtype><attwidth Sync="TRUE">8</attwidth><atprecis Sync="TRUE">38</atprecis><attscale Sync="TRUE">8</attscale><atXTdesc>Surface</atXTdesc></attr><attr><attrlabl Sync="TRUE">SHAPE</attrlabl><attalias Sync="TRUE">SHAPE</attalias><attrtype Sync="TRUE">Geometry</attrtype><attwidth Sync="TRUE">4</attwidth><atprecis Sync="TRUE">0</atprecis><attscale Sync="TRUE">0</attscale><attrdef Sync="TRUE">Feature geometry.</attrdef><attrdefs Sync="TRUE">Esri</attrdefs><attrdomv><udom Sync="TRUE">Coordinates defining the features.</udom></attrdomv><atXTdesc>Champ binaire automatique contenant la géométrie des objets</atXTdesc></attr><attr><attrlabl Sync="TRUE">SHAPE.AREA</attrlabl><attalias Sync="TRUE">SHAPE.AREA</attalias><attrtype Sync="TRUE">Double</attrtype><attwidth Sync="TRUE">0</attwidth><atprecis Sync="TRUE">0</atprecis><attscale Sync="TRUE">0</attscale><atXTdesc>Champ automatique donnant la surface de chaque polygone en m2</atXTdesc></attr><attr><attrlabl Sync="TRUE">SHAPE.LEN</attrlabl><attalias Sync="TRUE">SHAPE.LEN</attalias><attrtype Sync="TRUE">Double</attrtype><attwidth Sync="TRUE">0</attwidth><atprecis Sync="TRUE">0</atprecis><attscale Sync="TRUE">0</attscale><atXTdesc>Champ automatique donnant la longueur de chaque objet en m</atXTdesc></attr></detailed></eainfo><mdLang><languageCode value="fra" Sync="TRUE"></languageCode><countryCode value="CHE" Sync="TRUE"></countryCode></mdLang><mdHrLv><ScopeCd value="005" Sync="TRUE"></ScopeCd></mdHrLv><mdHrLvName Sync="TRUE">dataset</mdHrLvName><refSysInfo><RefSystem><refSysID><identCode code="2056" Sync="TRUE"></identCode><idCodeSpace Sync="TRUE">EPSG</idCodeSpace><idVersion Sync="TRUE">8.2.6</idVersion></refSysID></RefSystem></refSysInfo><spatRepInfo><VectSpatRep><geometObjs Name="A.AGGLO_PERIMETRE"><geoObjTyp><GeoObjTypCd value="002" Sync="TRUE"></GeoObjTypCd></geoObjTyp><geoObjCnt Sync="TRUE">10</geoObjCnt></geometObjs><topLvl><TopoLevCd value="001" Sync="TRUE"></TopoLevCd></topLvl></VectSpatRep></spatRepInfo><spdoinfo><ptvctinf><esriterm Name="A.AGGLO_PERIMETRE"><efeatyp Sync="TRUE">Simple</efeatyp><efeageom code="4" Sync="TRUE"></efeageom><esritopo Sync="TRUE">FALSE</esritopo><efeacnt Sync="TRUE">10</efeacnt><spindex Sync="TRUE">TRUE</spindex><linrefer Sync="TRUE">FALSE</linrefer></esriterm></ptvctinf></spdoinfo><mdDateSt Sync="TRUE">20190529</mdDateSt></metadata>
